{
  "IcoMoonType": "selection",
  "icons": [
    {
      "icon": {
        "paths": [
          "M716.8 102.4v870.4l-204.8-204.8-204.8 204.8v-870.4c0-28.314 29.952-52.224 51.2-51.2h307.2c35.277-1.024 51.2 22.886 51.2 51.2z"
        ],
        "attrs": [],
        "isMulticolor": false,
        "isMulticolor2": false,
        "tags": [
          "bookmark"
        ],
        "grid": 20
      },
      "attrs": [],
      "properties": {
        "id": 32,
        "order": 2,
        "prevSize": 20,
        "name": "bookmark"
      },
      "setIdx": 0,
      "setId": 2,
      "iconIdx": 31
    },
    {
      "icon": {
        "paths": [
          "M678.4 512l-365.619-379.904c-13.722-13.824-13.722-36.198 0-50.125 13.722-13.824 35.891-13.824 49.613 0l400.896 404.89c13.722 13.875 13.722 36.301 0 50.125l-400.896 404.89c-13.722 13.875-35.891 13.824-49.613 0-13.722-13.773-13.722-36.198 0-50.125l365.619-379.75z"
        ],
        "attrs": [],
        "isMulticolor": false,
        "isMulticolor2": false,
        "tags": [
          "chevron-thin-right"
        ],
        "grid": 20
      },
      "attrs": [],
      "properties": {
        "id": 43,
        "order": 3,
        "prevSize": 20,
        "name": "chevron-thin-right"
      },
      "setIdx": 0,
      "setId": 2,
      "iconIdx": 42
    },
    {
      "icon": {
        "paths": [
          "M960.102 821.146c-4.966 13.619-42.086 51.302-308.685-44.954l-261.376-94.362c-90.982-32.819-219.034-84.429-269.21-113.51-35.123-20.326-42.803-65.638-42.803-65.638s-8.346-151.347-13.466-188.621c-5.12-37.274 4.864-43.674 40.755-25.19 22.323 11.52 95.488 131.174 126.157 182.63 77.414 19.507 146.534 38.963 178.842 48.589-13.158-87.91-37.888-252.314-46.746-303.77-8.499-49.306 28.16-27.392 28.16-27.392 16.947 9.728 50.33 33.843 61.747 51.302 77.926 119.091 188.006 337.92 196.403 354.714 45.875 14.336 116.582 37.53 158.822 52.736 110.387 39.885 158.054 155.341 151.398 173.466z"
        ],
        "attrs": [],
        "isMulticolor": false,
        "isMulticolor2": false,
        "tags": [
          "aircraft-landing"
        ],
        "grid": 20
      },
      "attrs": [],
      "properties": {
        "id": 92,
        "order": 4,
        "prevSize": 20,
        "name": "aircraft-landing"
      },
      "setIdx": 0,
      "setId": 2,
      "iconIdx": 91
    },
    {
      "icon": {
        "paths": [
          "M296.96 624.64v-317.44h-194.56c-56.32 0-102.4 46.080-102.4 102.4v307.2c0 56.32 46.080 102.4 102.4 102.4h51.2v153.6l153.6-153.6h256c56.32 0 102.4-46.080 102.4-102.4v-93.184c-3.277 0.717-6.758 1.075-10.24 1.075l-358.4-0.051zM921.6 51.2h-460.8c-56.32 0-102.4 46.080-102.4 102.4v409.6h358.4l153.6 153.6v-153.6h51.2c56.32 0 102.4-46.029 102.4-102.4v-307.2c0-56.32-46.080-102.4-102.4-102.4z"
        ],
        "attrs": [],
        "isMulticolor": false,
        "isMulticolor2": false,
        "tags": [
          "chat"
        ],
        "grid": 20
      },
      "attrs": [],
      "properties": {
        "id": 125,
        "order": 5,
        "prevSize": 20,
        "name": "chat"
      },
      "setIdx": 0,
      "setId": 2,
      "iconIdx": 124
    },
    {
      "icon": {
        "paths": [
          "M956.006 563.2h-85.606v307.2c0 22.784-9.933 51.2-51.2 51.2h-204.8v-307.2h-204.8v307.2h-204.8c-41.267 0-51.2-28.416-51.2-51.2v-307.2h-85.606c-30.618 0-24.064-16.589-3.072-38.298l410.829-411.238c9.984-10.342 23.091-15.462 36.25-15.974 13.158 0.512 26.266 5.581 36.25 15.974l410.778 411.187c21.043 21.76 27.597 38.349-3.021 38.349z"
        ],
        "attrs": [],
        "isMulticolor": false,
        "isMulticolor2": false,
        "tags": [
          "home"
        ],
        "grid": 20
      },
      "attrs": [],
      "properties": {
        "id": 185,
        "order": 8,
        "prevSize": 20,
        "name": "home"
      },
      "setIdx": 0,
      "setId": 2,
      "iconIdx": 184
    },
    {
      "icon": {
        "paths": [
          "M905.779 241.92c-25.754-152.422-164.864-254.31-310.733-227.379-145.92 26.88-269.107 144.179-243.354 296.704 5.478 32.819 20.89 84.173 39.066 121.088l-264.96 395.418c-9.779 14.592-15.309 40.909-12.39 58.419l17.050 100.915c2.97 17.51 19.046 29.286 35.84 26.317l77.619-14.387c16.794-3.021 38.093-17.818 47.309-32.717l104.806-169.523 0.922-1.126 70.963-13.107 122.368-198.605c40.192 7.117 97.894 4.71 131.994-1.587 145.818-26.931 209.254-187.904 183.501-340.429zM776.499 320.102c-40.141 59.904-81.101 17.715-138.394-24.32-57.293-41.882-109.312-67.686-69.222-127.59 40.141-59.904 119.091-74.496 176.486-32.512 57.344 41.933 71.219 124.518 31.13 184.422z"
        ],
        "attrs": [],
        "isMulticolor": false,
        "isMulticolor2": false,
        "tags": [
          "key"
        ],
        "grid": 20
      },
      "attrs": [],
      "properties": {
        "id": 194,
        "order": 6,
        "prevSize": 20,
        "name": "key"
      },
      "setIdx": 0,
      "setId": 2,
      "iconIdx": 193
    },
    {
      "icon": {
        "paths": [
          "M512 102.861c-141.414 0-256 114.125-256 255.488 0 244.429 256 563.2 256 563.2s256-318.822 256-563.2c0-141.312-114.586-255.488-256-255.488zM512 499.712c-76.39 0-138.24-61.901-138.24-138.24s61.85-138.24 138.24-138.24c76.288 0 138.189 61.901 138.189 138.24s-61.901 138.24-138.189 138.24z"
        ],
        "attrs": [],
        "isMulticolor": false,
        "isMulticolor2": false,
        "tags": [
          "location-pin"
        ],
        "grid": 20
      },
      "attrs": [],
      "properties": {
        "id": 210,
        "order": 9,
        "prevSize": 20,
        "name": "location-pin"
      },
      "setIdx": 0,
      "setId": 2,
      "iconIdx": 209
    },
    {
      "icon": {
        "paths": [
          "M898.304 791.91l-193.485-193.485c29.184-47.872 45.978-104.192 45.978-164.352 0-174.95-151.603-326.502-326.554-326.502-174.95-0.051-316.723 141.773-316.723 316.723 0 174.899 151.603 326.502 326.502 326.502 58.214 0 112.64-15.821 159.488-43.213l194.509 194.611c19.046 18.995 49.92 18.995 68.915 0l48.282-48.282c18.995-18.995 12.083-43.008-6.912-62.003zM205.005 424.294c0-121.139 98.15-219.29 219.238-219.29 121.139 0 229.069 107.878 229.069 229.069 0 121.088-98.202 219.29-219.29 219.29-121.139-0.051-229.018-107.981-229.018-229.069z"
        ],
        "attrs": [],
        "isMulticolor": false,
        "isMulticolor2": false,
        "tags": [
          "magnifying-glass"
        ],
        "grid": 20
      },
      "attrs": [],
      "properties": {
        "id": 218,
        "order": 10,
        "prevSize": 20,
        "name": "magnifying-glass"
      },
      "setIdx": 0,
      "setId": 2,
      "iconIdx": 217
    },
    {
      "icon": {
        "paths": [
          "M995.686 190.362l-307.2-153.6c-14.387-7.219-31.386-7.219-45.824 0l-288.256 144.128-287.027-95.693c-15.667-5.222-32.768-2.611-46.131 7.066-13.363 9.626-21.248 25.088-21.248 41.523v665.651c0 19.405 10.957 37.12 28.314 45.773l307.2 153.6c7.219 3.584 15.053 5.427 22.886 5.427s15.718-1.792 22.886-5.427l288.256-144.077 287.027 95.693c15.616 5.12 32.768 2.509 46.131-7.117s21.248-25.088 21.248-41.472v-665.702c0.051-19.405-10.906-37.12-28.262-45.773zM409.6 267.827l204.8-102.4v602.266l-204.8 102.4v-602.266zM102.4 204.8l204.8 68.25v597.043l-204.8-102.4v-562.893zM921.6 830.822l-204.8-68.301v-597.094l204.8 102.4v562.995z"
        ],
        "attrs": [],
        "isMulticolor": false,
        "isMulticolor2": false,
        "tags": [
          "map"
        ],
        "grid": 20
      },
      "attrs": [],
      "properties": {
        "id": 221,
        "order": 7,
        "prevSize": 20,
        "name": "map"
      },
      "setIdx": 0,
      "setId": 2,
      "iconIdx": 220
    },
    {
      "icon": {
        "paths": [
          "M512 66.56l122.266 344.166h328.294l-267.878 202.138 95.795 354.714-278.477-212.685-278.426 212.685 95.744-354.714-267.93-202.138h328.294l122.317-344.166z"
        ],
        "attrs": [],
        "isMulticolor": false,
        "isMulticolor2": false,
        "tags": [
          "star"
        ],
        "grid": 20
      },
      "attrs": [],
      "properties": {
        "id": 286,
        "order": 11,
        "prevSize": 20,
        "name": "star"
      },
      "setIdx": 0,
      "setId": 2,
      "iconIdx": 285
    }
  ],
  "height": 1024,
  "preferences": {
    "showGlyphs": true,
    "showQuickUse": true,
    "showQuickUse2": true,
    "showSVGs": true,
    "fontPref": {
      "prefix": "icon-",
      "metadata": {
        "fontFamily": "icomoon"
      },
      "metrics": {
        "emSize": 1024,
        "baseline": 6.25,
        "whitespace": 50
      },
      "embed": false
    },
    "imagePref": {
      "prefix": "icon-",
      "png": false,
      "useClassSelector": true,
      "color": 0,
      "bgColor": 16777215,
      "classSelector": ".icon",
      "name": "icomoon",
      "height": 32,
      "columns": 16,
      "margin": 16
    },
    "historySize": 50,
    "showCodes": true,
    "gridSize": 16
  }
}